Abstract ID,Type,Category,Title,Country,Presenting,Status
,,,,,,
20250001,Any presentation,Pediatric,Three and Four Courses of Radiation for Children with Recurrent Diffuse Intrinsic Pontine Glioma,Malaysia,Nisha Shariff ,Accepted
20250002,Any presentation,Breast,Radiation induced hypothyroidism in locally advanced breast cancer,India,Suryakanta Acharya ,Reviewed
20250003,digital poster,Head and Neck,Late adverse effects after high-precision radiotherapy for malignant sinonasal tumours,Japan,Koichi Yasuda ,Reviewed
20250004,Any presentation,Health economics,Cost Evaluation of Hypofractionted versus Conventionally Fractionated Post-mastectomy Radiotherapy,Philippines,Ariz Rigor R. Reillo ,Reviewed
20250005,Any presentation,GU,BO-RT versus WP-RT in TMT for N0 Urothelial MIBC: A Systematic Review and Meta-analysis,Philippines,"Alyssa Anne E. Granda, MD ",Reviewed
20250007,oral presentation,Gynecologic malignancy,2.5 Dimensional Brachytherapy: Bridging the Gap in Image-Guided  Brachytherapy with Ultrasound,Philippines,Patricia Ong ,Reviewed
20250008,Any presentation,Other,Electron radiotherapy for merkel cell carcinoma of the knee in medically inoperable patients,Korea South,mijo lee ,Reviewed
20250009,Any presentation,Breast,Impact of Radiotherapy on Quality of life of patients ~ A Prospective Study,India,Anmol Mahani ,Reviewed
20250010,Any presentation,Other,Utilizing ARIMA models to forecast the demand for geriatric radiotherapy at Songklanagarind Hospital,Thailand,Thanarpan Peerawong ,Reviewed
20250011,digital poster,Lung (including other thoracic tumors),Target Volume Reduction and Lung Dose Sparing in Radixact® Real-Time Motion Tracking: A Case Report,Thailand,Anupong Kongsa ,Reviewed
20250012,Any presentation,Head and Neck,Retrospective Analysis of Triplet Oral Metronomic Chemotherapy in Head and Neck Cancers,India,DR RAJU MATHEW CYRIAC ,Reviewed
20250014,Any presentation,Lung (including other thoracic tumors),Stereotactic Body Radiotherapy (SBRT) versus Percutaneous Thermal Ablation for Early-Stage NSCLC,China,Chengrui Fu ,Reviewed
20250015,digital poster,Head and Neck,Dose-Dependent Taste Dysfunction in Head and Neck Cancer Patients Receiving Radiotherapy,China,Suman Zhang ,Reviewed
20250016,Any presentation,Head and Neck,Risk-Adapted Induction Chemotherapy Using Liquid Biopsy and TNM Stage in Nasopharyngeal Carcinoma,China,Pengjie Ji ,Reviewed
20250017,oral presentation,Other,Deep learning-based auto-segmentation model for OAR in thoracic and breast cancer radiotherapy,China,Gengmin Niu ,Reviewed
20250019,oral presentation,Head and Neck,Neoadjuvant Chemoimmunotherapy in Oral and Oropharyngeal Squamous Cell Carcinoma,China,Ying Chen ,Reviewed
20250020,Any presentation,Gynecologic malignancy,Curved-needle ISBT for recurrent gynecologic tumors post-EBRT: development and evaluation,China,Zheng Zeng ,Reviewed
20250021,Any presentation,Gynecologic malignancy,Feasibility of Moderate Hypofractionated Online ART for Cervical Cancer Treatment,China,Zheng Zeng ,Reviewed
20250022,Any presentation,Gynecologic malignancy,Real-world outcomes of moderate vs. conventional fractionated radiotherapy in cervical cancer,China,Zheng Zeng ,Reviewed
20250023,Any presentation,Lung (including other thoracic tumors),Deep Learning Model Predicts Distant Metastasis after SBRT for Early-Stage NSCLC,China,Lu Yu ,Reviewed
20250024,oral presentation,Physics,VQ-DoseNet: A Vector Quantized Model for Stochastic Radiotherapy Dose Prediction,China,Dong Yang ,Reviewed
20250026,digital poster,Head and Neck,Stereotactic Ablative Body Radiotherapy for Early Glottis Cancer,Korea South,Hong-Gyun Wu ,Reviewed
20250027,oral presentation,Hepatobiliary,Neoadjuvant RT+Lenvatinib+Sintilimab in HCC with PVTT: Phase I Interim Results,China,Guang xin Li ,Reviewed
20250028,digital poster,Palliation,Sniper versus Shotgun: A Matched Retrospective Study of SRS/SRT vs WBRT in Brain Metastases,Malaysia,Tan Keh Yee ,Submitted
20250029,Any presentation,Gynecologic malignancy,Phase 3 Trial of PEG Hydrogel in Radical CCRT for Cervical Cancer to Prevent Rectal Injury,China,Junfang Yan ,Reviewed
20250031,oral presentation,Gynecologic malignancy,A Prospective Multicenter Study of Extended-Field IMRT for Cervical Cancer,China,Guangyu Wang ,Reviewed
20250032,Any presentation,Radiobiology,USP18 promotes nasopharyngeal carcinoma radioresistance by TRIM29 oligomerization and ubiquitination,China,Yin Zhao ,Submitted
20250033,oral presentation,Gynecologic malignancy,The Endoscopy Results of RhSOD in CCRT for Cervical Cancer to Prevent Acute Rectal Injury,China,Jiawei Zhu ,Reviewed
20250034,oral presentation,Head and Neck,Improving risk stratification in oropharyngeal cancer by assessing initial metastasis risk,China,Chuanhao Zhang ,Reviewed
20250035,Any presentation,Breast,Prospective cohort to validate predictive models for esophagitis in breast cancer patients,China,Dan-Qiong Wang ,Reviewed
20250036,Any presentation,Lung (including other thoracic tumors),Clinical Outcomes of Peripheral Lung SBRT Using the Free-Breathing Internal Target Volume,Malaysia,OOI PO LIN ,Reviewed
20250037,Any presentation,Breast,Voxel-based analysis unveils the optimal esophagus contouring to predict radiation esophagitis,China,Dan-Qiong Wang ,Reviewed
20250038,Any presentation,Breast,Dosimetric and clinical predictors for radiation esophagitis in breast cancer patients,China,Dan-Qiong Wang ,Reviewed
20250039,Any presentation,Head and Neck,Role of PDL-1 Expression in Head & Cancer Patient- As a Prognostic Indicator,India,ANU TIWARI ,Reviewed
20250040,oral presentation,Palliation,Uncovering the burden of vitamin D deficiency in cancer patients: A call for targeted guidelines,Bangladesh,Dr. Suriana Sultana ,Reviewed
20250041,Any presentation,Physics,Accuracy Study of Deep Learning-Based Synthetic CT Images for Adaptive Radiotherapy of Pelvic Tumors,China,Wenchao Gao ,Reviewed
20250042,oral presentation,GU,Status and challenges of prostate radiotherapy: institutional insights and reflections,Bangladesh,Dr. Suriana Sultana ,Reviewed
20250043,Any presentation,GU,Patterns and Risk Factors of Locoregional Recurrence After Radical Nephrectomy for Localized RCC,China,Ke Hu ,Reviewed
20250044,digital poster,Other,Impact of addition of NonCoplanar Volume Modulated Partial Arcs in Spine SBRT & Dosimetric Advantage,India,Chomal Manish  ,Reviewed
20250045,oral presentation,GU,Preclinical Evaluation of an In Situ Biomimetic Radioprotective Absorbable Gel for Prostate RT,China,Mingwei Ma ,Reviewed
20250046,oral presentation,GU,Interim Analysis of RT+ADT+Docetaxel vs RT+ADT+NHT in High-Gleason Non-Metastatic Prostate Cancer,China,Mingwei Ma ,Reviewed
20250047,Any presentation,GU,Interim Analysis of the Phase II Study Triple Combination Therapy in Recurrent/Metastatic RCC,China,KE HU ,Reviewed
20250050,oral presentation,Radiobiology,SHFRT improves local control & reduces metastasis with PD-1 blockade,China,Shanshi Li ,Submitted
20250051,digital poster,Physics,In vivo comparison of tissue-specific stopping power ratio between dual- and single-energy CT.,Korea South,Ji-hoon Jung ,Reviewed
20250052,oral presentation,Head and Neck,Toripalimab Combination Therapy Without Concurrent Cisplatin for Nasopharyngeal Carcinoma,China,Jun Ma ,Reviewed
20250053,digital poster,Head and Neck,Agreement in Therapeutic Recommendations Among Oncologists and AI models of Nasopharyngeal Carcinoma,China,Dunhuang Wang ,Submitted
20250054,oral presentation,Lower GI,Impact of Radiation Dose on Survival and Toxicity in Neoadjuvant Chemoradiotherapy for Rectal Cancer,China,Weiting Huang ,Reviewed
20250055,oral presentation,Physics,Daily CBCT-based Dose Accumulation and Analysis in Hypo-fractionated Prostate Radiotherapy,China,Gao Yan ,Reviewed
20250056,Any presentation,GU,Dosimetric Impact on Hematologic Toxicity in Prostate Cancer Patients Receiving Radiation Therapy,India,Shreya Shivakumar Kaundinya ,Submitted
20250057,oral presentation,"Upper GI (i.e., esophagus and stomach)",Consolidative camrelizumab following definitive chemoradiotherapy in esophageal carcinoma,China,Jun Wang ,Reviewed
20250058,Any presentation,Radiobiology,Molecular Mechanism of Amelioration of Ionising Radiation-Induced Intestinal Injury by Lycopene,China,Xu Rongli ,Submitted
20250060,digital poster,Hepatobiliary,Nodal Irradiation in Pancreatic Cancer: A Systematic Review and Meta-Analysis,Philippines,"Vannesza Hendricke C. Chua, MD ",Submitted
20250062,oral presentation,Gynecologic malignancy,Reappraise the significance of different levels of disease extension in LACC patients,China,Xi-Lin Yang ,Submitted
20250063,oral presentation,Gynecologic malignancy,Unveiling the role of uterus involvement in locally advanced cervical adenocarcinoma patients,China,Jun-Fang Yan ,Reviewed
20250064,digital poster,Breast,HEART AND LUNG PLAN DOSES EVALUATION IN DIBH AND FREE BREATHING OF LEFT BREAST RADIOTHERAPY,Malaysia,NUR ALYA EZZATIN BINTI EHSANI ZAMAKHSHARI ,Submitted
20250065,Any presentation,Gynecologic malignancy,Clinical Outcomes of CT-Guided Brachytherapy for Cervical Cancer (2019-2020),Thailand,Ekkasit Tharavichitkul ,Submitted
20250066,digital poster,Health economics,Emergency room utilization after definitive radiotherapy in adults with solid malignancies,Korea South,Sunmin Park ,Submitted
20250067,Any presentation,Lower GI,Long course chemoradiotherapy with or without abbreviated neoadjuvant chemotherapy in rectal cancer,India,Rastogi Madhup ,Submitted
20250068,oral presentation,Gynecologic malignancy,Clinical outcome of locally advanced cervical cancer treated with image guided brachytherapy,India,DR AJEET KUMAR GANDHI ,Submitted
20250069,digital poster,Lung (including other thoracic tumors),Using Large Language Models to Analyze and Interpret Lung Cancer EHRs for Clinical Decision Support.,Korea South,Young Taek Oh ,Submitted
20250070,oral presentation,Head and Neck,Evaluation of Neoadjuvant Chemotherapy followed by Chemoradiation in inoperable oral cavity tumour,India,Dr. Meghal Prajapati ,Submitted
20250071,digital poster,Physics,Optimizing Cervical Cancer Brachytherapy: Conscious Sedation in Low-Resource Settings,India,Hardik Sharma ,Submitted
20250073,oral presentation,Lower GI,IORT  in the clinical application of locally advanced colorectal tumors,China,MING ZHUANG ,Submitted
20250074,oral presentation,Head and Neck,Low dose fractionated radiotherapy  for High-Risk nasopharyngeal cancer: Randomized Phase 2 Trial,China,Ming Fan ,Submitted
20250075,digital poster,Breast,"A novel ADME gene signature for predicting prognosis in early-stage, HR-positive breast cancer",China,Mengqi Yang ,Submitted
20250076,Any presentation,Head and Neck,A PILOT STUDY ON HYPOFRACTIONATED RADIATION THERAPY IN ELDERLY PATIENTS WITH HEAD AND NECK CARCINOMA,India,GAUTAM VEDAGIRI VYTIAM ,Submitted
20250077,digital poster,Central nervous system,RADIATION THERAPY FOR BIFOCAL GERMINOMA,Indonesia,nova ,Submitted
20250079,digital poster,Central nervous system,CDK1 Depletion Suppresses Glioma Malignancy through Cell Cycle Pathway,China,Yu Wang ,Submitted
20250080,digital poster,Lung (including other thoracic tumors),Predicting Severe Radiation Esophagitis in Lung Cancer Under Moderate Hypofractionation,China,Qiang Lin ,Submitted
20250081,Any presentation,Central nervous system,Retrospective Analysis of Concurrent or Sequential TTFields Combined with Radiochemotherapy in HGG,China,Mengqi Sun ,Submitted
20250082,Any presentation,Pediatric,Survival and Quality of Life in Pediatric Intracranial Ependymoma Undergoing Adjuvant Radiotherapy,China,Yinyin Yang  ,Submitted
20250083,oral presentation,Central nervous system,MR-Linac-Guided Radiotherapy in HGG: Retrospective Study of Outcomes with Concurrent TTFields,China,Mengqi Sun ,Submitted
20250084,Any presentation,Other,The combination of hypofraction radiotherapy with nanoparticle SPRCUR-ABD-TRAIL in Colorectal cancer,China,Cheng Yi ,Submitted
20250085,Any presentation,"Upper GI (i.e., esophagus and stomach)",Pretreatment indicators as prognostic factors for patients with advanced esophageal cancer,China,Tang Shaotong ,Submitted
20250086,digital poster,Head and Neck,Machine Learning - Powered Audio - omics Processing Method for Screening Advanced NPC,China,Liuyun Gong ,Submitted
20250087,oral presentation,Central nervous system,The efficacy of surgery combined with IORT and the comparative analysis,China,Haonan Ran ,Submitted
20250088,Any presentation,Central nervous system,SRT Alone for Brain Metastases After Intracranial Progression of EGFR-TKIs: A Multi-Center Study,China,Yuchao Ma ,Submitted
20250089,digital poster,Lung (including other thoracic tumors),Predicting Severe Radiation Esophagitis in Lung Cancer Under Moderate Hypofractionation,China,Qiang Lin ,Submitted
20250090,oral presentation,Breast,Dosimetric benefits and feasibility of a novel lateral decubitus position PORT in left breast cancer,China,Yingying Zhou ,Submitted
20250091,Any presentation,Nurse care,Muscle Mass Loss and Survival in Esophageal Cancer During Neoadjuvant Chemoradiotherapy,China,Guiyu Huang ,Submitted
20250092,Any presentation,Breast,RHBDF2 promotes  radiotherapy resistance of triple-negative breast cancer by up-regulating ARPC1B,China,Jing Feng ,Submitted
20250093,Any presentation,Lower GI,Clinical Justification for Adaptive SBRT in Liver Cancer,China,LiuYaxin ,Submitted
20250094,Any presentation,Lung (including other thoracic tumors),Role of CT in the evaluation of lung carcinoma and its correlation with histopathological findings,India,THAMIZHOLI SELVARAJU ,Submitted
20250095,Any presentation,Physics,PEG-Modified ZnO Nanocomposites Enable Proton-Induced Radiodynamic Therapy: Mechanistic Insights,China,Guoqiang Zhao ,Submitted
20250096,oral presentation,Physics,Deep learning and Monte Carlo based linear energy transfer calculation for proton capture therapy,China,Wu Junxiang ,Submitted
20250097,oral presentation,Physics,Dosimetric impact of contrast-enhanced CT for SBRT of lung cancer treated with MR-Linac,China,Guoqiang Zhao ,Submitted
20250098,Any presentation,Lung (including other thoracic tumors),Recurrence patterns after carbon-ion radiotherapy for early-stage NSCLC,Japan,Nobuteru Kubo ,Submitted
20250099,Any presentation,Head and Neck,Optimal Induction Chemotherapy Regimens for  Nasopharyngeal Carcinoma: A Phase 3 Randomized Trial,China,Yuanyuan Li ,Submitted
20250100,oral presentation,Radiobiology,CAD hijacks STING to impair antitumor immunity and radiotherapy efficacy of colorectal cancer,China,Zhengkun Cai ,Submitted
20250101,oral presentation,Gynecologic malignancy,Small-pelvis radiation for early-stage cervical cancer without high-risk factors after surgery,China,Xi-Lin Yang ,Submitted
20250102,digital poster,Nurse care,Impact of Dietitian-Led Nutrition Counseling in Irradiated Head and Neck Cancer,Thailand,Narumit Bankhum ,Submitted
20250103,Any presentation,Breast,Intramitochondrial self-assembled short-peptides induce pyroptosis for robust antitumor immunity,China,Yifan Huang ,Submitted
20250104,digital poster,Central nervous system,Malignant Phenotypes in Glioma Mediated by GLIPR2 and its Underlying Mechanisms,China,Fan Tianyi ,Submitted
20250105,oral presentation,Gynecologic malignancy,Multi-omics Links Plasma Cells to Survival in Cervical Cancer Chemoradiotherapy,China,Qingyu Huang ,Submitted
20250106,oral presentation,GU,Radioimmunotherapy Score Predicts Immunotherapy Eligibility in SBRT-Treated RCC,China,Qingyu Huang ,Submitted
20250107,oral presentation,"Upper GI (i.e., esophagus and stomach)",Neoadjuvant Chemotherapy or Chemoradiotherapy With/Without Sintilimab for Resectable ESCC,China,jiahua lyu ,Submitted
20250108,oral presentation,Gynecologic malignancy,INTERLACE Trial: Patient Selection Bias and Limited Global Applicability,Australia,KAILASH NARAYAN ,Submitted
20250109,oral presentation,Lower GI,Role of Total Neoadjuvant Therapy in sphincter preservation in Locally Advanced Rectal cancer,India,Dr Arpit Gite ,Submitted
20250110,oral presentation,Gynecologic malignancy,Recurrence Site in FIGO Stage III Endometrial Cancer Following Postoperative Radiotherapy,China,Chunmei Li ,Submitted
20250111,Any presentation,GU,Postoperative Hypofractionated Radiotherapy for Prostate Cancer: Late Toxicity and Clinical Outcomes,China,Xue-Ying Ren ,Submitted
20250112,oral presentation,Physics,Implementation of Intelligent All-in-one Tech in Rectal Cancer Radiotherapy: A Retrospective Study,China,Haoyang Zhai ,Submitted
20250113,Any presentation,Lower GI,Dual Peptide-Modified Micelles (GE11-MMP) for Synergistic Chemo-Immunotherapy via Co-Delivery,China,Jiaxin Zou ,Submitted
20250114,oral presentation,GU,Bladder-Specific 15-gene Signature Predicts (Chemo)radiation Therapy Response in Bladder Cancer,China,Xiaohui Li ,Submitted
20250115,Any presentation,Gynecologic malignancy,Single-cell and bulk RNA-seq reveal two-gene subtypes in Gleason 5 prostate cancer with radiotherapy,China,Fuhao Wang ,Submitted
20250116,Any presentation,Head and Neck,Response to IC reveals tumor heterogeneity through a multi-omics profiling of HPV+ OPSCC,China,Lin Zhu ,Submitted
20250117,oral presentation,Gynecologic malignancy,Single-cell and bulk RNA-seq reveal two-gene subtypes in Gleason 5 prostate cancer with radiotherapy,China,Fuhao Wang ,Submitted
20250118,oral presentation,Gynecologic malignancy,Single-cell transcriptomics reveals predictors of radiochemotherapy response in cervical cancer,China,Fuhao Wang ,Submitted
20250119,oral presentation,GU,Single-cell and bulk RNA-seq reveal two-gene subtypes in Gleason 5 prostate cancer with radiotherapy,China,Fuhao Wang ,Submitted
20250120,oral presentation,Head and Neck,Metabolomics-Radiomics-Clinical Integration for Predicting Post-radiotherapy Trismus in NPC,China,lei ji ,Submitted
20250121,Any presentation,Breast,Hybrid 3DCRT-pVMAT Breast RT Planning: Efficiency Insights from a Tertiary Hospital in Bangladesh,Bangladesh,Hasnina akter ,Submitted
20250123,Any presentation,Breast,Evaluation of SGRT Accuracy and Imaging Dose in Breast Cancer Patients Undergoing VMAT Treatment,India,Aarti Jamwal ,Submitted
20250124,digital poster,Lung (including other thoracic tumors),Clinical observation of radiotherapy target delineation in localized small cell lung cancer,China,??? ,Submitted
20250125,digital poster,Lung (including other thoracic tumors),Immunomaintenance therapy after concurrent radiochemotherapy  is expected to improve the LD SCLC,China,JIN YONGLONG ,Submitted
20250126,Any presentation,GU,Prospective Cohort Study on Bone Marrow Protection in Prostate Cancer Radiotherapy,China,huan zhang ,Submitted
20250127,oral presentation,Head and Neck,Timing of Adjuvant Radiotherapy in Head and Neck Cancer: A Safe Option in Resource-Limited Settings,Bangladesh,Nowshin Taslima Hossain ,Submitted
20250129,Any presentation,Head and Neck,A Recurrent Case of Ocular Surface Squamous Neoplasia Treated with Electron Beam Radiotherapy Alone,Bangladesh,Afsana Sharmin Anika ,Submitted
20250131,Any presentation,Breast,Cardiotoxicity detected by CMR after hypofractionated RT with or without active breath control,China,Xinyu Lv ,Submitted
20250132,oral presentation,"Upper GI (i.e., esophagus and stomach)",A Multi-Modal-Based Predictive Model for Radiation-Induced Cardiac Toxicity in Esophageal Cancer,China,Tianlu Tang ,Submitted
20250133,Any presentation,Breast,Hybrid 3DCRT-pVMAT Breast RT Planning: Efficiency Insights from a Tertiary Hospital in Bangladesh,Bangladesh,Hasnina Akter ,Submitted
20250134,digital poster,Lung (including other thoracic tumors),Preoperative splenic area as a prognostic biomarker of early-stage non-small cell lung cancer,China,Mengmei liu ,Submitted
20250135,oral presentation,Radiobiology,Biomimetic CD47 Coated Nanoparticles Enhance Spleen Radioprotection in Liver Cancer Radiotherapy,China,shigao Huang ,Submitted
20250136,digital poster,Physics,VMAT positioning errors evaluation from CBCT VS reference images at thoracic region,Thailand,Ms.Panratchanee Ruangthong ,Submitted
20250137,Any presentation,Lung (including other thoracic tumors),Prophylactic Cranial Irradiation versus MRI Surveillance in Limited-Stage Small Cell Lung Cancer,China,Jiahui Shan ,Submitted
20250138,Any presentation,Lung (including other thoracic tumors),Stereotactic Body Radiotherapy for Early-Stage NSCLC,China,Jiayu Yu ,Submitted
20250139,digital poster,Palliation,Efficacy and safety of spatially fractionated radiotherapy patients with metastatic malignant tumors,China,Chen Lining ,Submitted
20250140,oral presentation,Hepatobiliary,Liver SBRT with intrafraction tracking and gating by Comprehensive Motion Management with MR-Linac,Italy,MICHELE RIGO ,Submitted
20250141,oral presentation,"Upper GI (i.e., esophagus and stomach)","MR-guided adapted SBRT on pancreas with margin reduction, dose escalation and tracking and gating",Italy,MICHELE RIGO ,Submitted
20250142,oral presentation,Radiobiology,WEE1 combined with radiotherapy affects the regulation of tumor microe,China,jing hu ,Submitted
20250143,oral presentation,Radiobiology,WEE1 combined with radiotherapy affects the regulation of tumor microenvironment,China,jing hu ,Submitted
20250144,oral presentation,Gynecologic malignancy,A Local-Global Integration Network for Enhancing CBCT Quality in Cervical Cancer Radiotherapy,China,hua yang ,Submitted
20250145,Any presentation,Lower GI,Enhancement of radiotherapy sensitivity of colorectal cancer cells by LPCAT1,China,ChenYiying ,Submitted
20250146,Any presentation,Gynecologic malignancy,The Study of a Novel Free-Assembled Interstitial Template for Cervical Cancer Brachytherapy,China,Ranxi Liang ,Submitted
20250147,oral presentation,Breast,Beyond the Triple Negative Label : Androgen Receptor as a Beacon for Stratification of TNBC Patients,India,Saarthak Miglani ,Submitted
20250149,oral presentation,Lung (including other thoracic tumors),Double AI (Artificial Intelligence) to improve the diagnostic accuracy for pulmonary nodules,China,Guangying Zhu ,Submitted
20250150,Any presentation,Lower GI,Tumor-neuron crosstalk fosters immunosuppressive microenvironment and colorectal radioresistance,China,Yingjie Lai ,Submitted
20250151,oral presentation,Hepatobiliary,The efficacy of  multimodal radiotherapy into second-line treatment for advanced cholangiocarcinoma,China,Zhi-Ping Li ,Submitted
20250152,oral presentation,Hepatobiliary,The efficacy of multimodal radiotherapy into Subsequent-line treatment for advanced liver cancer,China,Zhi-Ping Li ,Submitted
20250153,oral presentation,Hepatobiliary,The efficacy of multimodal radiotherapy into second-line treatment for advanced cholangiocarcinoma,China,Zhi-Ping Li ,Submitted
20250154,Any presentation,GU,PROSTATE SBRT SANS FIDUCIALS - EVALUATION OF GEOMETRIC DISPLACEMENT,Malaysia,Sandya Subramaniam ,Submitted
20250155,Any presentation,Central nervous system,Short-term Outcomes of SIMT-VMAT SRT with Dose Reduction for Minute Brain Metastases,Japan,Kentaro Nishioka ,Submitted
20250157,oral presentation,"Upper GI (i.e., esophagus and stomach)",I-125 Stents vs Traditional SES in Elderly Malignant Esophageal Obstruction,China,Li peishun ,Submitted
20250158,oral presentation,"Upper GI (i.e., esophagus and stomach)",I-125 Stents vs Traditional SES in Elderly Malignant Esophageal Obstruction,China,Li peishun ,Submitted
20250160,oral presentation,Head and Neck,Boron neutron capture therapy for head and neck cancer: Four-year clinical results,Japan,Satoshi TAKENO ,Submitted
20250161,oral presentation,Breast,Surface Dose Comparison of Virtual and Physical Bolus in Post-Mastectomy Chest Wall Irradiation,India,Dr. Rajeev Dahiwal ,Submitted
20250162,Any presentation,Other,Efficacy & safety of trastuzumab with CAPOX in the treatment of HER2 +ve advanced gastric cancer,Bangladesh,Ishtiaq Ur Rahim ,Submitted
20250163,digital poster,Lung (including other thoracic tumors),X-ray Related HACE1 Suppression Drives Metastatic Progression through Cytoskeletal Remodeling,China,Hao Huang ,Submitted
20250164,Any presentation,Head and Neck,Dosimetric Advantage of LRT for advanced bulky head and neck cancer Using a Novel X/?-Ray Technique,China,Wang Zhongfei ,Submitted
20250165,Any presentation,Physics,First Demonstration of the Commissioning of a New CT-Integrated Linear Accelerator: uLinac HalosTx,China,Wang Zhongfei ,Submitted
20250167,Any presentation,Other,Improving Oral Hygiene practices in Oral Cancer Patients undergoing Chemoradiotherapy-EQuIP project,India,Sowmiya Sampathrajan ,Submitted
20250168,Any presentation,Physics,Proton minibeam radiotherapy: a review,China,feng yang ,Submitted
20250169,Any presentation,Sarcoma,Feasibility study of functional magnetic resonance imaging-based biologically guided lattice  SFRT,China,Ke Yuan ,Submitted
20250170,Any presentation,Gynecologic malignancy,Acute toxicity of parametrial SIB in cervical cancer treated with 2D brachytherapy,Thailand,Aniwat Berpan ,Submitted
20250171,Any presentation,Head and Neck,Pattern of locoregional recurrence in carcinoma of the nasal cavity and paranasal sinuses,Thailand,Aniwat Berpan ,Submitted
20250172,Any presentation,Head and Neck,MedNext-Insight Model: Automated Metabolic Tumor Volume Delineation on CT & Prognostic Value in NPC,China,Guan-Qun Zhou ,Submitted
20250173,Any presentation,Head and Neck,Development and prospective validation of a fully AI-driven online adaptive radiotherapy workflow,China,Guan-Qun Zhou ,Submitted
20250174,digital poster,Other,Comparative study of the imaging quality and dose in  CBCT for proton versus photon  systems,China,Yuanyuan Wang ,Submitted
20250175,oral presentation,GU,Plan of the Day CBCT-Guided Adaptive Radiotherapy Improves Bladder Cancer Targeting and Safety,Pakistan,Samina Siddique ,Submitted
20250176,oral presentation,Physics,Evaluation of Tracking Accuracy of Dynamic Tumor-Tracking Irradiation with Dynamic Swing Arc,Japan,Yuya Nagake ,Submitted
20250177,oral presentation,Physics,Free-Breathing VMAT/IMRT vs DIBH 3D-CRT for Left-Breast Cancer: A Solution for Developing Nations,Bangladesh,Md. Jobairul Islam ,Submitted
20250178,Any presentation,Physics,"Dosimetric Impact in Rectal Cancer: Comparing 3DCRT, IMRT & VMAT for Preoperative Short-Course RT",Bangladesh,Md. Jobairul Islam ,Submitted
20250179,Any presentation,Physics,Assessment of an MRI-Only Workflow in Pelvic Radiotherapy: Feasibility and Practical Implementation,China,XIN XIN ,Submitted
20250180,digital poster,Head and Neck,The Effect and Mechanism of Taizi Yangrong Decoction on Radiotherapy for Head and Neck Cancer,China,JIN YONGLONG ,Submitted
20250181,Any presentation,Physics,Dosimetric Advantages of Lattice SFRT in Massive Liver Cancer with Novel Multi-modality Platform,China,Jie Duan ,Submitted
20250182,oral presentation,GU,Adjuvant Radiotherapy Combined with Immunotherapy in Patients with Upper Tract Urothelial Carcinoma,China,Xiaoying Li ,Submitted
20250183,oral presentation,Palliation,Patterns of Care in Palliative Radiotherapy: Insights from a Multicentre Survey in RCA region,Japan,Masaru Wakatsuki ,Submitted
20250184,oral presentation,Breast,Analysis of advantages of intraoperative radiotherapy for early breast cancer,China,HAONAN RAN ,Submitted
20250185,oral presentation,Lung (including other thoracic tumors),Impact of Low-Dose Zones on Symptomatic Pneumonitis after radioimmunotherapy for Lung Cancer,China,Xiaonan Zhang ,Submitted
20250186,oral presentation,Lung (including other thoracic tumors),Dosimetric Parameters of the Heart in Lung Cancer Patients After Radiotherapy: A Systematic Review,China,Jun Wang ,Submitted
20250187,oral presentation,Lung (including other thoracic tumors),Combination of RT or Anti-Angiogenic Therapy with Chemoimmunotherapy in ES-SCLC,China,Jun Wang ,Submitted
20250188,Any presentation,Head and Neck,DevelopmenT of CT-based dose-radiomics nomogram for radiation induced hypothyroidism in NPC,China,jian zang ,Submitted
20250189,digital poster,Other,Low Dose Radiation combined with Creatine Overcomes Diabetes-Induced Suppression of Osteogenesis,China,Xiang Geng ,Submitted
20250191,oral presentation,Nurse care,Research on the Construction of RONP Core Competence Evaluation Index System,China,Lingyu Hou ,Submitted
20250192,oral presentation,Other,Effects of day-night radiotherapy on treatment accuracy: a self-controlled nonrandomized study,China,Fei Bai ,Submitted
20250193,oral presentation,Head and Neck,Impact of hair changes in patients during precision radiotherapy for glioma: a real-world study,China,Yang Fating ,Submitted
20250194,oral presentation,Breast,Impact of SGRT on Setup Errors and Patient Compliance in Radiotherapy: A Prospective,China,Zhang Fengbin ,Submitted
20250195,digital poster,Radiobiology,Intratympanic Dexamethasone Protects Middle Ear from Radiation Injury,Korea South,Sup Kim ,Submitted
20250196,digital poster,Hematologic malignancy,Initial Experience of Bridging Radiotherapy Prior to CAR-T Cell Therapy for Malignant Lymphoma,Japan,Hiroki Ochi ,Submitted
20250197,Any presentation,Central nervous system,Cyberknife Radiosurgery for Vestibular Schwannoma:Dosimetric study and clinical response evaluation.,India,BHAVYA PATNEEDI ,Submitted
20250198,Any presentation,Breast,Dosimetric evaluation of DIBH VMAT technique in left sided breast cancer after mastectomy.,India,BHAVYA PATNEEDI ,Submitted
20250199,oral presentation,Physics,Efficacy and Safety of combining 3D-CRT and IMRT in Whole-Brain Radiation Therapy,Vietnam,Nguyen Huu Nghia ,Submitted
20250200,digital poster,Other,NEPHROTOXICITY IN PATIENTS RECEIVING CISPLATIN BASED CHEMOTHERAPY,Nepal,Lokendra Kunwar ,Submitted
20250201,oral presentation,Physics,Compartment model predicting dynamic radiation-induced lymphocyte depletion in NSCLC radiotherapy,Japan,Takahiro Kanehira ,Submitted
20250202,digital poster,Lung (including other thoracic tumors),DEVELOPMENT OF DUAL-LABELED PEPTIDE FOR MULTIMODAL IMAGING OF EGFR WITH T790M MUTATION,Korea South,Dae-Weung Kim ,Submitted
20250203,oral presentation,Nurse care,Radiation Therapy Specialty Nursing Clinic for Radiation Dermatitis in Breast Cancer Patients,China,Linlin Lu ,Submitted
20250204,oral presentation,"Upper GI (i.e., esophagus and stomach)",Analysis of  Nomogram Based on Prognostic Factors in Esophagogastric Junction Adenocarcinoma,China,Jun Wang ,Submitted
20250205,oral presentation,Lung (including other thoracic tumors),Mechanisms of HER2-Targeted mRNA-LNP Vaccine Combined with Radiotherapy in Lung Cancer Mouse Models,China,Jun Wang ,Submitted
20250206,oral presentation,"Upper GI (i.e., esophagus and stomach)",Comparison of dosimetry between different radiotherapy techniques in cervical esophageal carcinoma,China,Jun Wang ,Submitted
20250207,oral presentation,Lung (including other thoracic tumors),Does Thoracic Radiotherapy Combined with Immune Checkpoint Inhibitors Increase Cardiac Toxicity?,China,Jun Wang ,Submitted
20250208,oral presentation,Head and Neck,Dosimetric advantages of novel oral immobilization device compared to mouthpiece in H&N cancer RT,Korea South,Sangyub Kim ,Submitted
20250209,oral presentation,"Upper GI (i.e., esophagus and stomach)",Radiotherapy combined with systemic therapy versus systemic therapy alone for esophageal cancer,China,Jun Wang ,Submitted
20250210,oral presentation,"Upper GI (i.e., esophagus and stomach)",Radiotherapy combined with chemoimmunotherapy versus chemoimmunotherapy alone for oligorecurrent EC,China,Jun Wang ,Submitted
20250211,oral presentation,Radiobiology,Cardiomyocytes upregulated  PD-L1 expression to alleviate cardiac injury induced by  IO and RT,China,Jun Wang ,Submitted
20250212,digital poster,Gynecologic malignancy,"Clinicopathological Features&Outcomes, Neuroendocrine Carcinoma Cervix:Single Institution Experience",India,Avradeep Datta ,Submitted
20250213,digital poster,Radiobiology,Screening key species of the gut microbiome in prostate cancer after radiotherapy,Korea South,Sunmi Jo ,Submitted
20250214,Any presentation,Health economics,Cost-Utility Analysis of Temozolomide with Radiotherapy for Glioblastoma in Thailand,Thailand,Ponnatcha Pakulpongsa ,Submitted
20250216,oral presentation,Health economics,Constructing the scale to measure financial toxicity in cancer patients in LMICs,Nepal,Shweta Baral ,Submitted
20250217,Any presentation,Radiobiology,The durably antitumor effect by FLASH radiotherapy combined with spatially fractionated radiotherapy,China,Jie Zhou ,Submitted
20250218,digital poster,Gynecologic malignancy,Two-Year Survival Outcomes Following CCRT and IGBT for Locally Advanced Cervical Cancer at HKL,Malaysia,Alagu Manthiram Ramasamy ,Submitted
20250219,Any presentation,"Upper GI (i.e., esophagus and stomach)",Survival Impact of Adjuvant Immunotherapy After Neoadjuvant Chemoimmunotherapy in ESCC,China,Hong Ge ,Submitted
20250222,Any presentation,Gynecologic malignancy,Long-term Outcomes of Definitive Radiotherapy for Endometrial Cancer,Japan,Shigeyuki Tani ,Submitted
20250223,Any presentation,Radiobiology,Mechanism of tRNA-derived fragments mediated cuproptosis in tumor radioresistance,China,Wu NING ,Submitted
20250224,oral presentation,Lung (including other thoracic tumors),The effect of EDRIC on the prognosis of limited-stage small cell lung cancer,China,Jianzhong ,Submitted
20250225,oral presentation,Lung (including other thoracic tumors),Effect of SIB-IMRT on the prognosis of  LS-SCLC : A long-term follow-up study,China,Jianzhong ,Submitted
20250226,Any presentation,Hepatobiliary,SBRT in Liver Metastasis Lesion Adjacent to Hepatic Vasculature,India,Dr Arpit Gite ,Submitted
20250228,oral presentation,Gynecologic malignancy,Free-assembled template for interstitial brachytherapy of cervical cancer: a dosimetric study,China,Jie Zhu ,Submitted
20250229,Any presentation,Sarcoma,Decade-Long Outcomes of Extracorporeal Irradiation in Bone Tumors: Survival & local  Recurrence,India,Dr Jaswanthi Akkpatti Ramachandra Reddy  ,Submitted
20250230,oral presentation,Gynecologic malignancy,Hypoxia Modulation by Metformin During Chemoradiotherapy in Cervical Cancer: A Phase II Trial,China,KANG ,Submitted
20250233,oral presentation,"Upper GI (i.e., esophagus and stomach)",Muscle Mass Loss During Neoadjuvant Chemoradiotherapy in Esophageal Squamous Cell Carcinoma,China,Jie Zhu ,Submitted
20250234,digital poster,Breast,BREAST CANCER RADIOTHERAPY VARIATION IN PRACTICE AFTER THE INTRODUCTION OF THE FAST-FORWARD PROTOCOL,Malaysia,MOHD FAIRUZ JAYAH ,Submitted
20250235,digital poster,Breast,Accuracy of a Chinese-Made Optical Surface Monitoring System in Breast Cancer Radiotherapy,China,Bo Li ,Reviewed
20250237,digital poster,Gynecologic malignancy,Sarcopenia as a prognostic factor in patients with stage III cervical cancer receiving radiotherapy,Indonesia,Widyastuti ,Submitted
20250238,oral presentation,Lung (including other thoracic tumors),Survival Outcomes of ES–NSCLC with Interlobar Pleural Involvement Undergoing Surgery versus SBRT,China,YUE WANG ,Submitted
20250239,Any presentation,Breast,Analysis of setup error for radiotherapy after breast cancer prosthesis implantation,China,li jie ,Submitted
20250240,oral presentation,Gynecologic malignancy,Feasibility of Planning “Plan of the Day” In Cervical Cancer Patients Treated on MV-CBCT based LINAC,India,Shreyasee Karmakar ,Submitted
20250244,Any presentation,Breast,Psychological distress  in breast cancer patients during radiotherapy after surgery,China,Bo Lyu ,Submitted
20250245,Any presentation,Breast,Psychological  influencing factors in breast cancer patients during radiotherapy after surgery,China,Bo Lyu ,Submitted
20250246,digital poster,Head and Neck,Plasma Metabolic Profiles-Based Prediction of Oral Mucositis in Nasopharyngeal Carcinoma,China,Jian Guan ,Submitted
20250248,oral presentation,Breast,IMRT/VMAT-Based Hypofractionated Breast Radiotherapy in a New Indian Oncology Center,India,Dr Anbarasi Kumaresan ,Submitted
20250249,oral presentation,Central nervous system,Glioma Outcomes Using IMRT/VMAT and CBCT in a Newly Established Indian Oncology Center,India,Anbarasi Kumaresan ,Submitted
20250250,oral presentation,Breast,Cardiopulmonary Sparing with ABC-Guided DIBH in Left-Sided Breast Radiotherapy Using IMRT/VMAT,India,Anbarasi Kumaresan ,Submitted
20250251,Any presentation,"Upper GI (i.e., esophagus and stomach)",Cardiopulmonary Dosimetry and Safety of VMAT in Locally Advanced Thoracic and EGJ Cancer,Japan,Tsuyoshi Katsuta ,Submitted
20250252,oral presentation,Other,Breaking Bad News in Oncology: Strategies for Effective Communication,Nepal,Bibek Acharya ,Submitted
20250253,Any presentation,"Upper GI (i.e., esophagus and stomach)",A Fully Automated AI System for Refining GTV Delineation in Esophageal Cancer Radiotherapy,China,Lecheng Jia ,Submitted
20250254,Any presentation,"Upper GI (i.e., esophagus and stomach)",A Fully Automated AI System for Refining GTV Delineation in Esophageal Cancer Radiotherapy,China,Lecheng Jia ,Submitted
20250255,oral presentation,Head and Neck,Efficacy of Glutamine Combined with Thalidomide for Radiation-Induced Oral Mucositis in Oral Cancer,China,Jingyi Liu ,Submitted
20250257,Any presentation,Sarcoma,Preoperative hypofractionated radiotherapy for advanced soft tissue sarcoma of the limbs and trunk,China,Lichun Wei ,Submitted
20250258,Any presentation,Pediatric,"Radiotherapy Use in Pediatric Tumors: Post COVID-19 Analysis at a Government Hospital, Philippines",Philippines,Joseph D. Causapin ,Submitted
20250259,oral presentation,Breast,DOSIMETRIC COMPARISON BETWEEN ACTIVE BREATH CONTROL AND FREE BREATHING IN CARCINOMA LEFT BREAST,India,NOOPUR SHARMA ,Submitted
20250261,oral presentation,Gynecologic malignancy,5-Year outcome of hypo-fractionated chemoradiotherapy and brachytherapy for carcinoma cervix,India,Dr Ajeet Kumar Gandhi ,Submitted
20250262,Any presentation,Hepatobiliary,Nimotuzumab combined with CCRT in the treatment of unresectable pancreatic cancer: a PSM analysis,China,Wei zhou ,Submitted
20250263,oral presentation,Radiobiology,CCR8 Blockade Breaks Radiotherapy Resistance by Reprogramming Tregs in HCC,China,Huanliang Chen ,Submitted
20250264,oral presentation,Gynecologic malignancy,Annual Recurrence Incidence in Early-Stage Endometrial Cancer Under FIGO 2023 Staging System,China,Lingxia Xin ,Submitted
20250265,digital poster,"Upper GI (i.e., esophagus and stomach)",Prognostic Model for Esophageal Cancer: Combining Radiomics and Dosiomics for Survival Prediction,China,Yufen Liu ,Submitted
20250266,digital poster,Central nervous system,Recurrence patterns after radiotherapy for glioblastoma,Japan,Ryotaro Yasui ,Submitted
20250267,Any presentation,GU,AKR1C3: A Novel Target for Radiotherapy Combined with Immunotherapy in Prostate Cancer,China,Feng Lyu ,Submitted
20250268,oral presentation,"Upper GI (i.e., esophagus and stomach)",A Cross-sectional Study of Long-Term Health-Related Quality of Life in Esophageal Cancer Surviors,China,Qingsong Pang ,Submitted
20250269,Any presentation,Physics,The Dosimetric Feasibility of Lattice Radiotherapy for cervical cancer with a Novel  Approach,China,WANG WEI   ,Submitted
20250270,oral presentation,Breast,A retrospective Analysis of Risk Factors for Internal Mammary Lymph Node Metastasis in Breast Cancer,China,Jing Wang ,Submitted
20250271,Any presentation,Head and Neck,Bayesian Deep Learning for Uncertainty-Aware Radiotherapy Dose Prediction in Head and Neck Cancer,China,Liting Chen ,Submitted
20250272,digital poster,Head and Neck,Mandibular MRI Abnormalities after Head and Neck Radiotherapy: Timing and Dosimetric Risk,China,Xiaopeng Zhu ,Submitted
20250273,oral presentation,Radiobiology,Pan-cancer epigenetic CRISPR/Cas9 screening identifies Glyr1 as an radioresistance target,China,Zhao Yue ,Submitted
20250274,Any presentation,Head and Neck,"Iron Metabolism in NPC: Multi-Omics Insights into Tumor Progression, Immunity, and Radiotherapy",China,Yue Gao ,Submitted
20250275,Any presentation,Central nervous system,Impact of Lesion Burden and Treatment Strategy on Outcomes in GK Radiosurgery for Brain Metastasis,Malaysia,MAK KAR ZIN ,Submitted
20250276,Any presentation,Physics,X-Ray and ?-Ray Integration in SFRT: Enhancing Dose Delivery for Large-Volume NSCLC,China,Yue Gao ,Submitted
20250277,Any presentation,Lung (including other thoracic tumors),CLK1  Enhances the Sensitivity of Non-Small Cell Lung Cancer to Radiotherapy and Immunotherapy,China,Jia Ma ,Submitted
20250278,Any presentation,Head and Neck,Ten-year outcomes of the first batch of non-metastatic nasopharyngeal carcinoma receiving IMRT,China,Fen Xue ,Submitted
20250279,digital poster,Other,MRI-based PSM Prediction Model for Apical Prostate Tumors,China,Yize Zhao ,Submitted
20250280,digital poster,Head and Neck,Head and neck radiotherapy in elderly patients: Hospital Kuala Lumpur experience,Malaysia,NAJIHAH ABU BAKAR ,Submitted
20250282,Any presentation,"Upper GI (i.e., esophagus and stomach)",Auto-recognition of Post-radiotherapy Tumor Regions in Esophageal Cancer Based on Prior Information,United States,Ziqi An ,Submitted
20250283,Any presentation,Head and Neck,Liquid Biopsy with Pretreatment ctHPV DNA in Chinese HPV-Associated Oropharyngeal Cancer,China,Lin Zhu ,Submitted
20250284,Any presentation,Breast,Implementation of Ultra-Hypofractionated Radiotherapy for Early-Stage Breast Cancer in Bangladesh,Bangladesh,Aditi Paul Chowdhury ,Submitted
20250285,Any presentation,Lower GI,Comparative Accuracy of Measurement Modalities for Anorectal Distance in Low Rectal Cancer,China,Zhiyuan Zhang ,Submitted
20250286,Any presentation,Lower GI,Torch-R: Hypofractionated Immunochemoradiotherapy for Locally Recurrent Rectal Cancer (Phase II)?,China,Zhiyuan Zhang ,Submitted
20250287,Any presentation,Hematologic malignancy,Outcomes and Toxicities in Acute Leukemia with Tomotherapy TBI: A 3-Year Retrospective Review,Malaysia,Kar Zin Mak ,Submitted
20250288,Any presentation,Head and Neck,Correlation of Intermediate Endpoints With OS in Advanced HNSCC Treated With ICIs: A Meta-Analysis,China,Lin Li ,Submitted
20250289,oral presentation,GU,Efficacy of All-Site Radiotherapy in Combination with Systemic Therapy in High Gleason Score mHSPC,China,Huizhu Chen ,Submitted
20250290,oral presentation,GU,Efficacy and safety of All-site RT and SOC with or without Docetaxel for High Gleason Score mHSPC,China,Huizhu Chen ,Submitted
20250291,oral presentation,Gynecologic malignancy,What the Blood Speaks : Squamous Cell Carcinoma Antigen as a Crystal Ball in Cervical Cancer,India,Saarthak Miglani ,Submitted
20250292,Any presentation,Central nervous system,Single-cell RNA sequencing reveals immune microenvironment after split radioimmunotherapy in glioma,China,Zihan Zhou ,Submitted
20250293,digital poster,Head and Neck,SBRT plus Chemoimmunotherapy as Neoadjuvant therapy for Locally Advanced HNSCC,China,liexi xu ,Submitted
20250294,Any presentation,"Upper GI (i.e., esophagus and stomach)",CT-TIME radiomic signature refines recurrence  risk and guides immunotherapy in esophageal cancer,China,Jie Gong ,Submitted
20250295,oral presentation,"Upper GI (i.e., esophagus and stomach)",Assessing Adaptive Proton Beam Therapy for Pancreatic Cancer Based on Daily CT-based Dose Evaluation,Japan,Kaixin Du ,Submitted
20250296,oral presentation,Breast,Efficacy of UNICART for Recurrent/Metastatic Breast Cancer: A Retrospective Analysis of Three Cases,China,XIAOLIANG WU ,Submitted
20250297,digital poster,Head and Neck,Predicting Prolonged Radiotherapy in Head and Neck Cancer Using Clinical and Nutritional Factors,Thailand,Piyapasara Toapichattrakul ,Submitted
20250298,Any presentation,Gynecologic malignancy,Pre-treatment Nodal Status Identifies ICI Candidates in Mature IGBT-Treated Cervical Cancer,Japan,Ken Ando ,Submitted
20250299,digital poster,GU,Efficacy and Safety of Hyperbaric Oxygen Therapy as Initial Treatment for Radiation-Induced Cystitis,China,Le Mao ,Submitted
20250300,Any presentation,GU,Study on Molecular Signatures in High-Gleason-Score Prostate Cancer Based on Multi-Omics Databases,China,Le Mao ,Submitted
20250301,oral presentation,Physics,Development and Feasibility Analysis of Spatially Segmented Adaptive Dynamic Radiotherapy,China,Sixue Dong ,Submitted
20250302,oral presentation,Breast,Patient Stratification for Optimizing DIBH Radiotherapy Resource Allocation in Breast Cancer,China,Sixue Dong ,Submitted
20250303,oral presentation,Physics,4? SBRT: dosimetric evaluation of VMAT configurations in for recurrent head and neck tumors,China,Sixue Dong ,Submitted
20250304,Any presentation,GU,PSMA PET-guided RT for Oligopersistent mPC: Ambispective cohort Study,China,Qing-Hua Peng ,Submitted
20250305,oral presentation,Head and Neck,Multi-omics-based prognostic prediction for locally advanced hypopharyngeal cancer,China,Sixue Dong ,Submitted
20250306,Any presentation,Head and Neck,Comparing Atlas-based and Manual Contouring for Organs at Risk in Nasopharyngeal Radiotherapy,Thailand,Teeradon Treechairusame ,Submitted
20250307,Any presentation,GU,Intermittently Inflated Rectal-Sparing Balloon for Prostate Radiotherapy: Animal Study,China,Xin Qi ,Submitted
20250308,Any presentation,Lung (including other thoracic tumors),Re-evaluation of Prophylactic Cranial Irradiation in Small Cell Lung Cancer: A retrospective study,Japan,Yumi Kokubo ,Submitted
20250309,Any presentation,Lung (including other thoracic tumors),Jaw death and the role of gut microorganisms in the development of lung cancer,China,SUXIALU ,Submitted
20250310,Any presentation,Head and Neck,HYpo-fractionated adjuvant CRT/RT in margin positive and ENE Head and neck carcinomas,India,Aman Sharma ,Submitted
20250311,digital poster,Lung (including other thoracic tumors),Predictors of Acceptable Lung Dose in IMRT Planning for Lung Cancer Using PTV-to-Lung Volume Ratio,Malaysia,"Abd Rahman, Mohd Fahim ",Submitted
20250312,Any presentation,GU,Stereotactic Body Radiotherapy for Localized Prostate Cancer in Nepal,Nepal,Dr. Birendra Kumar Yadav ,Submitted
20250313,oral presentation,Head and Neck,Clinical Outcomes of Post-cricoid Cancer treated with VMAT-based Chemo-Radiotherapy,India,Rohit Avinash Vadgaonkar ,Submitted
20250314,digital poster,Radiobiology,cGAS-STING–Mediated Synergy of Fractionated RT with CD47/PD-L1 Blockade in Esophageal Cancer,China,Xiaoli Lv ,Submitted
20250315,Any presentation,Central nervous system,"GATA2 Mutations in Glioma: From WGS to Physiological Function, Pathogenesis, and Drug Affinity",Indonesia,Vincent Lau ,Submitted
20250316,digital poster,Lung (including other thoracic tumors),Feasibility study of AI-driven 3D Body Composition for Lung Cancer Prognosis,Korea South,Saerom Sung ,Submitted
20250317,Any presentation,Other,Surface brachytherapy in skin cancer in NCHRC with HDR machine,Nepal,"Dr. Gisup P., Dr. Bibek A., Dr. Ambuj K.,Dr. Ranjana K., Dr. Sudhir S., Mr. Praphulla J., Mr. S. Venugopal, Mr. Suman B. ",Submitted
20250318,oral presentation,"Upper GI (i.e., esophagus and stomach)",MRI-guided online adaptive SBRT for advanced inoperable pancreatic cancer: A prospective study,China,Chen Wang ,Submitted
20250319,oral presentation,"Upper GI (i.e., esophagus and stomach)",Clinical considerations of splenic dose constraints to mitigate radiation-induced lymphopenia,China,Yifu Ma ,Submitted
20250320,oral presentation,Head and Neck,Stereotactic radiotherapy for locally advanced squamous cell carcinoma of the head and neck,Japan,Shinya Hiraoka ,Submitted
20250321,digital poster,Breast,Unintentional IMN Dose in Hypofractionated Postoperative Breast RT: Assessment and Predictors,India,Vandana Thakur ,Submitted
20250322,digital poster,Central nervous system,Radiotherapy as Ex-Juvantibus Diagnostic and Therapeutic Strategy in a Pineal Mass,Indonesia,Qashmal Mafazi Syahril ,Submitted
20250323,digital poster,Hepatobiliary,Postoperative versus Intraoperative Radiotherapy Following Narrow-margin Hepatectomy in HCC,China,Mengyuan Li ,Submitted
20250325,Any presentation,Other,Comparison Of Different SGRT ROIs In Pelvic Radiotherapy: Single Centre Experience,Malaysia,Ng Hui Sin ,Submitted
20250327,digital poster,Central nervous system,Gyroscopic Radiosurgery in Benign Intracranial Lesions : A Single Institution Experience,India,Dr. Soumya Subhadarsini ,Submitted
20250328,digital poster,Lung (including other thoracic tumors),3D after-loading brachytherapy challenging IMRT on locally advanced non-small cell lung cancer,China,yunxue zheng ,Submitted
20250329,Any presentation,Head and Neck,Hypofractionated adjuvant CRT/RT in margin positive and ENE for Head and Neck Carcinomas,India,Aman Sharma ,Submitted
20250330,Any presentation,Head and Neck,Navigating the Challenges of Synchronous Primaries in Head & Neck Cancers-Tertiary centre experience,India,Sowmiya Sampathrajan ,Submitted
20250331,Any presentation,Head and Neck,A Latent Diffusion Model for Future Fan-Beam CT Prediction in Nasopharyngeal Carcinoma Radiotherapy,China,Guan-Qun Zhou ,Submitted
20250332,digital poster,Other,QUANTIFYING THE DOSIMETRIC EFFECT OF CONTRAST-ENHANCED CT IN EXTERNAL BEAM RADIOTHERAPY PLANNING,Malaysia,Nur Izyan Adhlin Binti Sarudin ,Submitted
20250333,oral presentation,Head and Neck,Artificial Intelligence for Precise Auto-Delineation of Organs at Risk in Head Neck Cancer CT Images,India,Riya Agarwal ,Submitted
20250334,oral presentation,Breast,Dose-volume predictors of radiation dermatitis in patients undergoing radiotherapy,China,Ning Han ,Submitted
20250335,Any presentation,GU,A phase II study of image-guided stereotactic radiotherapy of 6.5Gy×6 fractions for prostate cancer,China,Yuchen Han ,Submitted
20250336,Any presentation,Head and Neck,Response to Modified Chemotherapy Scheduling in Locally Advanced NPC: A Retrospective Study,Indonesia,Febryono Basuki Raharjo ,Submitted
20250337,digital poster,Pediatric,Radiotherapy with or without Temozolomide: Impact on Treatment Outcomes for Pediatric DIPG,Indonesia,I Made Ade Sukma Gaotama ,Submitted
20250338,Any presentation,Breast,Impact of HER2-low and predictive model for locoregional recurrence in breast cancer patients,China,Kairui Jin ,Submitted
20250339,Any presentation,Physics,Deep Learning-Based Multimodal Segmentation of the Lumbosacral Plexus Using CT and MR Neurography,China,Deng Simone ,Submitted
20250340,oral presentation,GU,Deep Learning Auto-Contouring for Post-op Prostate Cancer CTV,China,WEI GONG ,Submitted
20250341,digital poster,GU,A study of combined intra-arterial chemotherapy and radiotherapy for muscle invasive?bladder cancer,Japan,Chisato Tonoiso ,Submitted
20250342,Any presentation,Head and Neck,Early vs Late Recurrence in Nasopharyngeal Carcinoma and Its Prognostic Impact on Survival Outcomes,China,Yang Meng ,Submitted
20250343,Any presentation,Head and Neck,Salivary Duct Carcinoma: Postoperative Survival Outcomes – Meta-analysis & Retrospective Study,China,Yang Meng ,Submitted
20250344,oral presentation,Lung (including other thoracic tumors),Propensity-Matched Partial SABR Boost for Large Stage III NSCLC,China,Yun Bai ,Submitted
20250346,Any presentation,Pediatric,Comparison of Craniospinal Radiation Techniques and Doses in Paediatric Patients,Malaysia,Sophia Ahmad ,Submitted
20250347,oral presentation,Head and Neck,Risk-Adapted Optimization of Postoperative Follow-Up Strategies in Oral Cavity Cancer Patients,China,Nuo Yu ,Submitted
20250349,Any presentation,Breast,Intraoperative Electron Radiation Therapy Boost in the Treatment of  Breast Cancer Indian Experience,India,N Suneetha ,Submitted
20250350,digital poster,Lung (including other thoracic tumors),Prognostic Value of EDRIC in Stage III Unresectable NSCLC Treated with Definitive CRT-IO,China,jianzhong cao ,Submitted
20250351,oral presentation,GU,Impact of posterior PTV of Radical Prostate Cancer Radiotherapy,China,LIN MA ,Submitted
20250352,oral presentation,GU,The dosimetric advantages of IMPT of the full coverage radiation in oligometastatic prostate cancer,China,LIN MA ,Submitted
20250353,digital poster,Other,Impacts of Patients Background Factors on Accesibility to Radiotherapy Services,Indonesia,Teuku Muhammad Khaled ,Submitted
20250354,Any presentation,Lung (including other thoracic tumors),Role of moderately hypofractionated radiotherapy in unresectable NSCLC: A Retrospective Study,China,Zhipeng Li ,Submitted
20250355,Any presentation,Physics,Deep Learning-Based Multimodal Segmentation of the Lumbosacral Plexus Using CT and MR Neurography,China,Deng Ximeng ,Submitted
20250356,oral presentation,Gynecologic malignancy,A Study of ADC with Radio-Immunotherapy as Salvage Treatment for Advanced HER2-Expressing Tumors,China,Meiling Xu ,Submitted
20250357,oral presentation,Other,Predicting the Efficacy of PRaG Therapy Via Dynamic Circulating Immune Profiles,China,Yuehong Kong ,Submitted
20250358,oral presentation,Health economics,Spatial Multivariate Logit Model for Radiotherapy Utilization in Indonesia,Indonesia,Gregorius Ben Prajogi ,Submitted
20250359,oral presentation,Palliation,A Clinical Study of T?-1 Combined with PRaG Therapy for Advanced Solid Tumors(PRaG 5.0 study),China,Yuehong Kong ,Submitted
20250360,Any presentation,Hepatobiliary,Analysis of Risk Factors for HBV Reactivation During RT+ICI treatment in HCC,China,Shenshen Chen ,Submitted
20250361,oral presentation,Hepatobiliary,Targeting the Unresectable: Real-World SBRT Outcomes for Hepatocellular Carcinoma in Asia,Singapore,SYADWA BINTI ABDUL SHUKOR ,Submitted
20250362,Any presentation,Hepatobiliary,Analysis of Risk Factors for HBV Reactivation During RT+ICI treatment in HCC,China,Shenshen Chen ,Submitted
20250363,Any presentation,Lung (including other thoracic tumors),The NLR as a prognostic factor for moderately hypofractionated radiotherapy in unresectable NSCLC,China,Zhipeng Li ,Submitted
20250364,Any presentation,Head and Neck,“STUDY ON PREVALENCE AND CLINICOPATHOLOGICAL CORRELATION OF HPV IN HEAD AND NECK CANCER PATIENT”,India,RANU CHOURASIA ,Submitted
20250365,Any presentation,Gynecologic malignancy,Definitive Chemoradiation with Image-Guided Brachytherapy for Cervical Cancer: Nepalese Cohort Data,Nepal,Ranjana Karmacharya Badgami ,Submitted
20250366,Any presentation,Head and Neck,Quality of Life in Nasopharyngeal Cancer Prior Radiotherapy in Tertiary Referral Hospital,Indonesia,Devina Adella ,Submitted
20250367,oral presentation,Lung (including other thoracic tumors),Ginsenoside Rg5 alleviates radiation-induced lung fibrosis by enhancing  macrophage efferocytosis,China,Hansong Bai ,Submitted
20250368,Any presentation,Gynecologic malignancy,Definitive Chemoradiation with Image-Guided Brachytherapy for Cervical Cancer: Nepalese Cohort Data,Nepal,Ranjana Karmacharya Badgami ,Submitted
